{
  "roc_auc": 0.8565102838676746,
  "pr_auc": 0.6166589840488077,
  "brier_score": 0.16902413964271545,
  "acc_0.5": 0.7817583333333333,
  "precision_0.5": 0.4562448003327787,
  "recall_0.5": 0.7689173202471191,
  "f1_0.5": 0.5726826243738476,
  "acc_best": 0.8222,
  "precision_best": 0.5255735562205482,
  "recall_best": 0.669500065723174,
  "f1_best": 0.5888700477878834,
  "best_threshold": 0.5449472665786743,
  "tp": 15280,
  "tn": 83384,
  "fp": 13793,
  "fn": 7543
}